BusinessEntityID,FirstName,MiddleName,LastName,JobTitle,OrganizationLevel,Department,GroupName,,HireDate,Gender,BirthDate,MaritalStatus,NationalIDNumber,PhoneNumber,PhoneNumberType,EmailAddress,AddressLine1,City,StateProvinceName,PostalCode,CountryRegionName
1,Ken,J,Sánchez,Chief Executive Officer,0,Executive,Executive General and Administration,,15 Feb 03,M,02 Mar 63,S,295847284,697-555-0142,Cell,ken0@adventure-works.com,4350 Minute Dr.,Newport Hills,Washington,98006,United States
2,Terri,Lee,Duffy,Vice President of Engineering,1,Engineering,Research and Development,,03 Mar 02,F,01 Sep 65,S,245797967,819-555-0175,Work,terri0@adventure-works.com,7559 Worth Ct.,Renton,Washington,98055,United States
3,Roberto,NULL,Tamburello,Engineering Manager,2,Engineering,Research and Development,,12 Dec 01,M,13 Dec 68,M,509647174,212-555-0187,Cell,roberto0@adventure-works.com,2137 Birchwood Dr,Redmond,Washington,98052,United States
4,Rob,NULL,Walters,Senior Tool Designer,3,Tool Design,Research and Development,,05 Jan 02,M,23 Jan 69,S,112457891,612-555-0100,Cell,rob0@adventure-works.com,5678 Lakeview Blvd.,Minneapolis,Minnesota,55402,United States
5,Gail,A,Erickson,Design Engineer,3,Engineering,Research and Development,,06 Feb 02,F,29 Oct 46,M,695256908,849-555-0139,Cell,gail0@adventure-works.com,9435 Breck Court,Bellevue,Washington,98004,United States
6,Jossef,H,Goldberg,Design Engineer,3,Engineering,Research and Development,,24 Feb 02,M,11 Apr 53,M,998320692,122-555-0189,Work,jossef0@adventure-works.com,5670 Bel Air Dr.,Renton,Washington,98055,United States
7,Dylan,A,Miller,Research and Development Manager,3,Research and Development,Research and Development,,12 Mar 03,M,27 Mar 81,M,134969118,181-555-0156,Work,dylan0@adventure-works.com,7048 Laurel,Kenmore,Washington,98028,United States
8,Diane,L,Margheim,Research and Development Engineer,4,Research and Development,Research and Development,,30 Jan 03,F,06 Jul 80,S,811994146,815-555-0138,Cell,diane1@adventure-works.com,475 Santa Maria,Everett,Washington,98201,United States
9,Gigi,N,Matthew,Research and Development Engineer,4,Research and Development,Research and Development,,17 Feb 03,F,21 Feb 73,M,658797903,185-555-0186,Cell,gigi0@adventure-works.com,7808 Brown St.,Bellevue,Washington,98004,United States
10,Michael,NULL,Raheem,Research and Development Manager,4,Research and Development,Research and Development,,04 Jun 03,M,01 Jan 79,M,879342154,330-555-2568,Work,michael6@adventure-works.com,1234 Seaside Way,San Francisco,California,94109,United States
11,Ovidiu,V,Cracium,Senior Tool Designer,3,Tool Design,Research and Development,,05 Jan 05,M,18 Feb 72,S,974026903,719-555-0181,Cell,ovidiu0@adventure-works.com,5458 Gladstone Drive,Kenmore,Washington,98028,United States
12,Thierry,B,D'Hers,Tool Designer,4,Tool Design,Research and Development,,11 Jan 02,M,29 Aug 53,M,480168528,168-555-0183,Work,thierry0@adventure-works.com,1970 Napa Ct.,Bothell,Washington,98011,United States
13,Janice,M,Galvin,Tool Designer,4,Tool Design,Research and Development,,23 Jan 05,F,29 Jun 83,M,486228782,473-555-0117,Work,janice0@adventure-works.com,3397 Rancho View Drive,Redmond,Washington,98052,United States
14,Michael,I,Sullivan,Senior Design Engineer,3,Engineering,Research and Development,,30 Jan 05,M,17 Jul 73,S,42487730,465-555-0156,Cell,michael8@adventure-works.com,6510 Hacienda Drive,Renton,Washington,98055,United States
15,Sharon,B,Salavaria,Design Engineer,3,Engineering,Research and Development,,18 Feb 05,F,03 Jun 55,M,56920285,970-555-0138,Cell,sharon0@adventure-works.com,7165 Brock Lane,Renton,Washington,98055,United States
16,David,M,Bradley,Marketing Manager,1,Marketing,Sales and Marketing,,20 Jan 02,M,19 Apr 69,S,24756624,913-555-0172,Work,david0@adventure-works.com,3768 Door Way,Redmond,Washington,98052,United States
17,Kevin,F,Brown,Marketing Assistant,2,Marketing,Sales and Marketing,,26 Feb 01,M,03 Jun 81,S,253022876,150-555-0189,Cell,kevin0@adventure-works.com,7883 Missing Canyon Court,Everett,Washington,98201,United States
18,John,L,Wood,Marketing Specialist,2,Marketing,Sales and Marketing,,10 Mar 05,M,06 Apr 72,S,222969461,486-555-0150,Work,john5@adventure-works.com,9906 Oak Grove Road,Redmond,Washington,98052,United States
19,Mary,A,Dempsey,Marketing Assistant,2,Marketing,Sales and Marketing,,17 Mar 05,F,01 Mar 72,S,52541318,124-555-0114,Cell,mary2@adventure-works.com,6307 Greenbelt Way,Bellevue,Washington,98004,United States
20,Wanida,M,Benshoof,Marketing Assistant,2,Marketing,Sales and Marketing,,07 Feb 05,F,17 Apr 69,M,323403273,708-555-0141,Work,wanida0@adventure-works.com,6951 Harmony Way,Sammamish,Washington,98074,United States
21,Terry,J,Eminhizer,Marketing Specialist,2,Marketing,Sales and Marketing,,03 Apr 03,M,07 Mar 80,M,243322160,138-555-0118,Cell,terry0@adventure-works.com,8668 Via Neruda,Bellevue,Washington,98004,United States
22,Sariya,E,Harnpadoungsataya,Marketing Specialist,2,Marketing,Sales and Marketing,,13 Jan 03,M,21 Jun 81,S,95958330,399-555-0176,Work,sariya0@adventure-works.com,1185 Dallas Drive,Everett,Washington,98201,United States
23,Mary,E,Gibson,Marketing Specialist,2,Marketing,Sales and Marketing,,13 Feb 03,F,14 Oct 56,M,767955365,531-555-0183,Work,mary0@adventure-works.com,3928 San Francisco,Everett,Washington,98201,United States
24,Jill,A,Williams,Marketing Specialist,2,Marketing,Sales and Marketing,,19 Feb 03,F,19 Jul 73,M,72636981,510-555-0121,Work,jill0@adventure-works.com,3238 Laguna Circle,Everett,Washington,98201,United States
25,James,R,Hamilton,Vice President of Production,1,Production,Manufacturing,,07 Mar 03,M,07 Feb 77,S,519899904,870-555-0122,Work,james1@adventure-works.com,9652 Los Angeles,Monroe,Washington,98272,United States
26,Peter,J,Krebs,Production Control Manager,2,Production Control,Manufacturing,,02 Jan 03,M,04 Dec 76,M,277173473,913-555-0196,Work,peter0@adventure-works.com,3670 All Ways Drive,Bellevue,Washington,98004,United States
27,Jo,A,Brown,Production Supervisor - WC60,3,Production,Manufacturing,,30 Mar 02,F,09 Nov 50,S,446466105,632-555-0129,Cell,jo0@adventure-works.com,9693 Mellowood Street,Duvall,Washington,98019,United States
28,Guy,R,Gilbert,Production Technician - WC60,4,Production,Manufacturing,,31 Jul 00,M,15 May 76,M,14417807,320-555-0195,Work,guy1@adventure-works.com,7726 Driftwood Drive,Monroe,Washington,98272,United States
29,Mark,K,McArthur,Production Technician - WC60,4,Production,Manufacturing,,24 Feb 03,M,26 Oct 73,S,948320468,417-555-0154,Work,mark1@adventure-works.com,9863 Ridge Place,Redmond,Washington,98052,United States
30,Britta,L,Simon,Production Technician - WC60,4,Production,Manufacturing,,02 Mar 03,F,30 Oct 83,M,410742000,955-555-0169,Cell,britta0@adventure-works.com,2046 Las Palmas,Edmonds,Washington,98020,United States
31,Margie,W,Shoop,Production Technician - WC60,4,Production,Manufacturing,,05 Feb 03,F,20 Jun 80,M,750246141,818-555-0128,Cell,margie0@adventure-works.com,2080 Sycamore Drive,Edmonds,Washington,98020,United States
32,Rebecca,A,Laszlo,Production Technician - WC60,4,Production,Manufacturing,,30 Jan 03,F,11 Aug 71,M,330211482,314-555-0113,Cell,rebecca0@adventure-works.com,3197 Thornhill Place,Bellevue,Washington,98004,United States
33,Annik,O,Stahl,Production Technician - WC60,4,Production,Manufacturing,,18 Jan 03,M,27 Jan 71,M,801758002,499-555-0125,Work,annik0@adventure-works.com,7842 Ygnacio Valley Road,Seattle,Washington,98104,United States
34,Suchitra,O,Mohan,Production Technician - WC60,4,Production,Manufacturing,,20 Mar 03,F,11 Jul 81,M,754372876,753-555-0129,Cell,suchitra0@adventure-works.com,5678 Clear Court,Bellevue,Washington,98004,United States
35,Brandon,G,Heidepriem,Production Technician - WC60,4,Production,Manufacturing,,12 Mar 03,M,11 Feb 71,M,999440576,429-555-0137,Cell,brandon0@adventure-works.com,8000 Crane Court,Redmond,Washington,98052,United States
36,Jose,R,Lugo,Production Technician - WC60,4,Production,Manufacturing,,14 Mar 03,M,01 Sep 78,M,788456780,587-555-0115,Cell,jose0@adventure-works.com,5125 Cotton Ct.,Seattle,Washington,98104,United States
37,Chris,O,Okelberry,Production Technician - WC60,4,Production,Manufacturing,,08 Apr 03,M,07 Sep 80,S,442121106,315-555-0144,Cell,chris2@adventure-works.com,8467 Clifford Court,Redmond,Washington,98052,United States
38,Kim,B,Abercrombie,Production Technician - WC60,4,Production,Manufacturing,,17 Feb 04,F,14 Jan 61,M,6298838,208-555-0114,Cell,kim1@adventure-works.com,9752 Jeanne Circle,Carnation,Washington,98014,United States
39,Ed,R,Dudenhoefer,Production Technician - WC60,4,Production,Manufacturing,,08 Mar 04,M,12 Oct 65,S,461786517,919-555-0140,Work,ed0@adventure-works.com,4598 Manila Avenue,Seattle,Washington,98104,United States
40,JoLynn,M,Dobney,Production Supervisor - WC60,3,Production,Manufacturing,,26 Jan 02,F,16 Feb 50,S,309738752,903-555-0145,Work,jolynn0@adventure-works.com,7126 Ending Ct.,Seattle,Washington,98104,United States
41,Bryan,NULL,Baker,Production Technician - WC60,4,Production,Manufacturing,,22 Feb 03,M,28 Sep 67,S,458159238,712-555-0113,Cell,bryan0@adventure-works.com,2275 Valley Blvd.,Monroe,Washington,98272,United States
42,James,D,Kramer,Production Technician - WC60,4,Production,Manufacturing,,28 Jan 03,M,26 Aug 78,M,339712426,119-555-0117,Cell,james0@adventure-works.com,4734 Sycamore Court,Monroe,Washington,98272,United States
43,Nancy,A,Anderson,Production Technician - WC60,4,Production,Manufacturing,,03 Feb 03,F,21 Dec 82,M,693325305,970-555-0118,Cell,nancy0@adventure-works.com,7820 Bird Drive,Sammamish,Washington,98074,United States
44,Simon,D,Rapier,Production Technician - WC60,4,Production,Manufacturing,,09 Jan 03,M,17 Jun 84,S,276751903,963-555-0134,Work,simon0@adventure-works.com,3421 Bouncing Road,Duvall,Washington,98019,United States
45,Thomas,R,Michaels,Production Technician - WC60,4,Production,Manufacturing,,30 Mar 03,M,11 Feb 80,M,500412746,278-555-0118,Cell,thomas0@adventure-works.com,7338 Green St.,Edmonds,Washington,98020,United States
46,Eugene,O,Kogan,Production Technician - WC60,4,Production,Manufacturing,,12 Mar 03,M,13 Mar 70,S,66073987,173-555-0179,Cell,eugene1@adventure-works.com,991 Vista Verde,Duvall,Washington,98019,United States
47,Andrew,R,Hill,Production Supervisor - WC10,3,Production,Manufacturing,,26 Mar 03,M,08 Oct 82,S,33237992,908-555-0159,Cell,andrew0@adventure-works.com,6629 Polson Circle,Everett,Washington,98201,United States
48,Ruth,Ann,Ellerbrock,Production Technician - WC10,4,Production,Manufacturing,,06 Feb 02,F,06 Jul 50,M,690627818,145-555-0130,Cell,ruth0@adventure-works.com,2176 Apollo Way,Everett,Washington,98201,United States
49,Barry,K,Johnson,Production Technician - WC10,4,Production,Manufacturing,,07 Feb 02,M,27 Apr 50,S,912265825,206-555-0180,Work,barry0@adventure-works.com,3114 Notre Dame Ave.,Snohomish,Washington,98296,United States
50,Sidney,M,Higa,Production Technician - WC10,4,Production,Manufacturing,,05 Mar 02,M,01 Oct 50,M,844973625,424-555-0189,Work,sidney0@adventure-works.com,9277 Country View Lane,Edmonds,Washington,98020,United States
51,Jeffrey,L,Ford,Production Technician - WC10,4,Production,Manufacturing,,23 Mar 02,M,12 Aug 50,S,132674823,984-555-0185,Work,jeffrey0@adventure-works.com,5734 Ashford Court,Monroe,Washington,98272,United States
52,Doris,M,Hartwig,Production Technician - WC10,4,Production,Manufacturing,,11 Apr 02,F,06 May 50,M,565090917,328-555-0150,Cell,doris0@adventure-works.com,5553 Cash Avenue,Kenmore,Washington,98028,United States
53,Diane,R,Glimp,Production Technician - WC10,4,Production,Manufacturing,,29 Apr 02,F,30 Apr 50,M,9659517,202-555-0151,Cell,diane0@adventure-works.com,9006 Woodside Way,Redmond,Washington,98052,United States
54,Bonnie,N,Kearney,Production Technician - WC10,4,Production,Manufacturing,,02 Feb 04,F,11 Oct 80,M,109272464,264-555-0150,Work,bonnie0@adventure-works.com,4852 Chaparral Court,Snohomish,Washington,98296,United States
55,Taylor,R,Maxwell,Production Supervisor - WC50,3,Production,Manufacturing,,11 Mar 02,M,03 May 50,M,233069302,508-555-0165,Work,taylor0@adventure-works.com,504 O St.,Edmonds,Washington,98020,United States
56,Denise,H,Smith,Production Technician - WC50,4,Production,Manufacturing,,09 Mar 03,F,07 Aug 82,M,652535724,869-555-0119,Cell,denise0@adventure-works.com,5669 Ironwood Way,Kenmore,Washington,98028,United States
57,Frank,T,Miller,Production Technician - WC50,4,Production,Manufacturing,,27 Mar 03,M,24 Aug 65,S,10708100,167-555-0139,Work,frank1@adventure-works.com,591 Merriewood Drive,Snohomish,Washington,98296,United States
58,Kendall,C,Keil,Production Technician - WC50,4,Production,Manufacturing,,06 Jan 03,M,30 Jun 80,M,571658797,138-555-0128,Work,kendall0@adventure-works.com,7439 Laguna Niguel,Seattle,Washington,98104,United States
59,Bob,N,Hohman,Production Technician - WC50,4,Production,Manufacturing,,25 Jan 03,M,16 Sep 73,S,843479922,611-555-0116,Work,bob0@adventure-works.com,6387 Scenic Avenue,Bothell,Washington,98011,United States
60,Pete,C,Male,Production Technician - WC50,4,Production,Manufacturing,,12 Feb 03,M,07 Mar 71,S,827686041,768-555-0123,Cell,pete0@adventure-works.com,5375 Clearland Circle,Seattle,Washington,98104,United States
61,Diane,H,Tibbott,Production Technician - WC50,4,Production,Manufacturing,,19 Feb 03,F,10 Sep 83,S,92096924,361-555-0180,Work,diane2@adventure-works.com,8192 Seagull Court,Kenmore,Washington,98028,United States
62,John,T,Campbell,Production Supervisor - WC60,3,Production,Manufacturing,,18 Apr 02,M,08 Sep 50,M,494170342,435-555-0113,Work,john0@adventure-works.com,2639 Anchor Court,Seattle,Washington,98104,United States
63,Maciej,W,Dusza,Production Technician - WC60,4,Production,Manufacturing,,01 Mar 04,M,02 Mar 49,S,414476027,237-555-0128,Cell,maciej0@adventure-works.com,3026 Anchor Drive,Edmonds,Washington,98020,United States
64,Michael,J,Zwilling,Production Technician - WC60,4,Production,Manufacturing,,26 Mar 04,M,07 Oct 67,S,582347317,582-555-0148,Cell,michael7@adventure-works.com,7511 Cooper Dr.,Edmonds,Washington,98020,United States
65,Randy,T,Reeves,Production Technician - WC60,4,Production,Manufacturing,,26 Mar 04,M,29 May 64,M,8066363,961-555-0122,Cell,randy0@adventure-works.com,3632 Bank Way,Edmonds,Washington,98020,United States
66,Karan,R,Khanna,Production Technician - WC60,4,Production,Manufacturing,,23 Jan 04,M,07 Apr 64,S,834186596,447-555-0186,Work,karan0@adventure-works.com,1102 Ravenwood,Seattle,Washington,98104,United States
67,Jay,G,Adams,Production Technician - WC60,4,Production,Manufacturing,,06 Apr 03,M,14 Mar 70,S,63179277,407-555-0165,Work,jay0@adventure-works.com,896 Southdale,Monroe,Washington,98272,United States
68,Charles,B,Fitzgerald,Production Technician - WC60,4,Production,Manufacturing,,04 Jan 04,M,03 Oct 65,S,537092325,931-555-0118,Work,charles0@adventure-works.com,5263 Etcheverry Dr,Sammamish,Washington,98074,United States
69,Steve,F,Masters,Production Technician - WC60,4,Production,Manufacturing,,19 Mar 03,M,07 May 85,S,752513276,712-555-0170,Work,steve0@adventure-works.com,1398 Yorba Linda,Seattle,Washington,98104,United States
70,David,J,Ortiz,Production Technician - WC60,4,Production,Manufacturing,,16 Jan 03,M,30 Jan 79,M,36151748,712-555-0119,Work,david2@adventure-works.com,931 Corte De Luna,Seattle,Washington,98104,United States
71,Michael,Sean,Ray,Production Supervisor - WC30,3,Production,Manufacturing,,19 Mar 03,M,02 Mar 83,S,578935259,156-555-0199,Cell,michael3@adventure-works.com,6498 Mining Rd.,Seattle,Washington,98104,United States
72,Steven,T,Selikoff,Production Technician - WC30,4,Production,Manufacturing,,02 Jan 03,M,15 Jun 71,M,443968955,925-555-0114,Work,steven0@adventure-works.com,181 Gaining Drive,Everett,Washington,98201,United States
73,Carole,M,Poland,Production Technician - WC30,4,Production,Manufacturing,,20 Jan 03,F,19 Nov 77,M,138280935,688-555-0192,Cell,carole0@adventure-works.com,8411 Mt. Orange Place,Edmonds,Washington,98020,United States
74,Bjorn,M,Rettig,Production Technician - WC30,4,Production,Manufacturing,,08 Feb 03,M,08 Dec 83,S,420023788,199-555-0117,Work,bjorn0@adventure-works.com,5802 Ampersand Drive,Seattle,Washington,98104,United States
75,Michiko,F,Osada,Production Technician - WC30,4,Production,Manufacturing,,27 Feb 03,M,28 Jul 76,S,363996959,984-555-0148,Work,michiko0@adventure-works.com,1962 Ferndale Lane,Sammamish,Washington,98074,United States
76,Carol,M,Philips,Production Technician - WC30,4,Production,Manufacturing,,16 Mar 03,F,18 Nov 82,M,227319668,609-555-0153,Cell,carol0@adventure-works.com,6872 Thornwood Dr.,Bothell,Washington,98011,United States
77,Merav,A,Netz,Production Technician - WC30,4,Production,Manufacturing,,04 Apr 03,F,13 Jun 77,M,301435199,224-555-0187,Work,merav0@adventure-works.com,5666 Hazelnut Lane,Seattle,Washington,98104,United States
78,Reuben,H,D'sa,Production Supervisor - WC40,3,Production,Manufacturing,,16 Jan 03,M,27 Sep 81,M,370989364,191-555-0112,Work,reuben0@adventure-works.com,1064 Slow Creek Road,Seattle,Washington,98104,United States
79,Eric,L,Brown,Production Technician - WC40,4,Production,Manufacturing,,25 Feb 04,M,08 Jan 61,M,697712387,680-555-0118,Cell,eric1@adventure-works.com,5086 Nottingham Place,Duvall,Washington,98019,United States
80,Sandeep,P,Kaliyath,Production Technician - WC40,4,Production,Manufacturing,,18 Feb 04,M,03 Jan 65,S,943170460,166-555-0156,Work,sandeep0@adventure-works.com,4310 Kenston Dr.,Sammamish,Washington,98074,United States
81,Mihail,U,Frintu,Production Technician - WC40,4,Production,Manufacturing,,30 Jan 04,M,09 Apr 65,S,413787783,733-555-0128,Work,mihail0@adventure-works.com,2466 Clearland Circle,Edmonds,Washington,98020,United States
82,Jack,T,Creasey,Production Technician - WC40,4,Production,Manufacturing,,03 Apr 04,M,30 Sep 67,S,58791499,521-555-0113,Cell,jack1@adventure-works.com,874 Olivera Road,Seattle,Washington,98104,United States
83,Patrick,M,Cook,Production Technician - WC40,4,Production,Manufacturing,,15 Mar 04,M,24 Jan 68,M,988315686,425-555-0117,Cell,patrick1@adventure-works.com,9537 Ridgewood Drive,Seattle,Washington,98104,United States
84,Frank,R,Martinez,Production Technician - WC40,4,Production,Manufacturing,,08 Mar 04,M,03 Apr 46,M,947029962,203-555-0196,Work,frank3@adventure-works.com,5724 Victory Lane,Snohomish,Washington,98296,United States
85,Brian,Richard,Goldstein,Production Technician - WC40,4,Production,Manufacturing,,12 Jan 04,M,23 Jan 65,S,1662732,730-555-0117,Cell,brian2@adventure-works.com,8157 W. Book,Bothell,Washington,98011,United States
86,Ryan,L,Cornelsen,Production Technician - WC40,4,Production,Manufacturing,,06 Feb 03,M,15 Jul 66,M,769680433,208-555-0114,Work,ryan0@adventure-works.com,177 11th Ave,Sammamish,Washington,98074,United States
87,Cristian,K,Petculescu,Production Supervisor - WC10,3,Production,Manufacturing,,23 Jan 03,M,13 May 78,M,7201901,434-555-0133,Cell,cristian0@adventure-works.com,7166 Brock Lane,Seattle,Washington,98104,United States
88,Betsy,A,Stadick,Production Technician - WC10,4,Production,Manufacturing,,19 Jan 04,F,17 Jan 61,S,294148271,405-555-0171,Cell,betsy0@adventure-works.com,5672 Hale Dr.,Bothell,Washington,98011,United States
89,Patrick,C,Wedge,Production Technician - WC10,4,Production,Manufacturing,,04 Mar 04,M,11 Oct 80,S,90888098,413-555-0124,Cell,patrick0@adventure-works.com,3067 Maya,Bellevue,Washington,98004,United States
90,Danielle,C,Tiedt,Production Technician - WC10,4,Production,Manufacturing,,23 Mar 04,F,08 Oct 80,S,82638150,500-555-0172,Cell,danielle0@adventure-works.com,5203 Virginia Lane,Kenmore,Washington,98028,United States
91,Kimberly,B,Zimmerman,Production Technician - WC10,4,Production,Manufacturing,,13 Feb 04,F,14 Oct 80,S,390124815,123-555-0167,Work,kimberly0@adventure-works.com,8656 Lakespring Place,Seattle,Washington,98104,United States
92,Tom,M,Vande Velde,Production Technician - WC10,4,Production,Manufacturing,,10 Apr 04,M,01 Nov 80,M,826454897,295-555-0161,Work,tom0@adventure-works.com,5242 Marvelle Ln.,Everett,Washington,98201,United States
93,Kok-Ho,T,Loh,Production Supervisor - WC50,3,Production,Manufacturing,,28 Jan 03,M,30 May 74,S,778552911,999-555-0155,Work,kok-ho0@adventure-works.com,3708 Montana,Bellevue,Washington,98004,United States
94,Russell,NULL,Hunter,Production Technician - WC50,4,Production,Manufacturing,,13 Jan 03,M,27 Dec 66,M,718299860,786-555-0144,Work,russell0@adventure-works.com,7616 Honey Court,Seattle,Washington,98104,United States
95,Jim,H,Scardelis,Production Technician - WC50,4,Production,Manufacturing,,20 Jan 03,M,09 Oct 80,M,674171828,679-555-0113,Work,jim0@adventure-works.com,172 Turning Dr.,Edmonds,Washington,98020,United States
96,Elizabeth,I,Keyser,Production Technician - WC50,4,Production,Manufacturing,,03 Apr 03,F,26 Feb 84,M,912141525,318-555-0137,Cell,elizabeth0@adventure-works.com,350 Pastel Drive,Kent,Washington,98031,United States
97,Mandar,H,Samant,Production Technician - WC50,4,Production,Manufacturing,,14 Mar 03,M,21 Apr 80,S,370581729,140-555-0132,Work,mandar0@adventure-works.com,2598 La Vista Circle,Duvall,Washington,98019,United States
98,Sameer,A,Tejani,Production Technician - WC50,4,Production,Manufacturing,,15 Mar 03,M,27 Jul 72,M,152085091,990-555-0172,Cell,sameer0@adventure-works.com,5379 Treasure Island Way,Duvall,Washington,98019,United States
99,Nuan,NULL,Yu,Production Technician - WC50,4,Production,Manufacturing,,07 Feb 03,M,29 Apr 73,S,431859843,913-555-0184,Cell,nuan0@adventure-works.com,3454 Bel Air Drive,Bellevue,Washington,98004,United States
100,Lolan,B,Song,Production Technician - WC50,4,Production,Manufacturing,,13 Feb 03,M,25 Feb 67,M,204035155,582-555-0178,Cell,lolan0@adventure-works.com,8152 Claudia Dr.,Edmonds,Washington,98020,United States
101,Houman,N,Pournasseh,Production Technician - WC50,4,Production,Manufacturing,,26 Feb 03,M,30 Sep 65,M,153288994,180-555-0136,Cell,houman0@adventure-works.com,9882 Clay Rde,Redmond,Washington,98052,United States
102,Zheng,W,Mu,Production Supervisor - WC10,3,Production,Manufacturing,,04 Jan 03,M,26 Nov 77,S,360868122,113-555-0173,Cell,zheng0@adventure-works.com,6578 Woodhaven Ln.,Seattle,Washington,98104,United States
103,Ebru,N,Ersan,Production Technician - WC10,4,Production,Manufacturing,,07 Jan 04,M,23 Oct 80,S,455563743,202-555-0187,Cell,ebru0@adventure-works.com,8316 La Salle St.,Sammamish,Washington,98074,United States
104,Mary,R,Baker,Production Technician - WC10,4,Production,Manufacturing,,26 Jan 04,F,20 Oct 80,M,717889520,283-555-0185,Work,mary1@adventure-works.com,2354 Frame Ln.,Seattle,Washington,98104,United States
105,Kevin,M,Homer,Production Technician - WC10,4,Production,Manufacturing,,26 Jan 04,M,20 Oct 80,S,801365500,555-555-0113,Work,kevin2@adventure-works.com,6058 Hill Street,Bellevue,Washington,98004,United States
106,John,T,Kane,Production Technician - WC10,4,Production,Manufacturing,,30 Mar 04,M,29 Oct 80,S,561196580,254-555-0114,Work,john4@adventure-works.com,8209 Green View Court,Duvall,Washington,98019,United States
107,Christopher,E,Hill,Production Technician - WC10,4,Production,Manufacturing,,11 Mar 04,M,01 Nov 80,M,393421437,153-555-0166,Cell,christopher0@adventure-works.com,1902 Santa Cruz,Bothell,Washington,98011,United States
108,Jinghao,K,Liu,Production Supervisor - WC50,3,Production,Manufacturing,,09 Jan 03,M,09 Mar 83,S,630184120,794-555-0159,Cell,jinghao0@adventure-works.com,9666 Northridge Ct.,Carnation,Washington,98014,United States
109,Alice,O,Ciccu,Production Technician - WC50,4,Production,Manufacturing,,08 Jan 03,F,27 Feb 72,M,113695504,333-555-0173,Cell,alice0@adventure-works.com,3280 Pheasant Circle,Snohomish,Washington,98296,United States
110,Jun,T,Cao,Production Technician - WC50,4,Production,Manufacturing,,15 Jan 03,M,06 Aug 73,S,857651804,299-555-0113,Work,jun0@adventure-works.com,4909 Poco Lane,Redmond,Washington,98052,United States
111,Suroor,R,Fatima,Production Technician - WC50,4,Production,Manufacturing,,18 Jan 03,M,28 Mar 72,S,415823523,932-555-0161,Work,suroor0@adventure-works.com,3281 Hillview Dr.,Edmonds,Washington,98020,United States
112,John,P,Evans,Production Technician - WC50,4,Production,Manufacturing,,02 Feb 03,M,01 Jul 72,S,981597097,172-555-0130,Cell,john1@adventure-works.com,136 Balboa Court,Seattle,Washington,98104,United States
113,Linda,K,Moschell,Production Technician - WC50,4,Production,Manufacturing,,26 Jan 03,F,17 Aug 81,M,54759846,612-555-0171,Cell,linda0@adventure-works.com,3284 S. Blank Avenue,Bellevue,Washington,98004,United States
114,Mindaugas,J,Krapauskas,Production Technician - WC50,4,Production,Manufacturing,,14 Feb 03,M,07 Jun 72,M,342607223,637-555-0120,Work,mindaugas0@adventure-works.com,9825 Coralie Drive,Edmonds,Washington,98020,United States
115,Angela,W,Barbariol,Production Technician - WC50,4,Production,Manufacturing,,21 Feb 03,F,01 Jul 85,S,563680513,150-555-0194,Cell,angela0@adventure-works.com,2687 Ridge Road,Edmonds,Washington,98020,United States
116,Michael,W,Patten,Production Technician - WC50,4,Production,Manufacturing,,04 Mar 03,M,03 Jun 68,S,398737566,441-555-0195,Work,michael2@adventure-works.com,2038 Encino Drive,Edmonds,Washington,98020,United States
117,Chad,W,Niswonger,Production Technician - WC50,4,Production,Manufacturing,,22 Mar 03,M,04 Sep 84,M,599942664,559-555-0175,Work,chad0@adventure-works.com,5747 Shirley Drive,Bothell,Washington,98011,United States
118,Don,L,Hall,Production Technician - WC50,4,Production,Manufacturing,,17 Mar 03,M,14 Jul 65,M,222400012,100-555-0174,Work,don0@adventure-works.com,1411 Ranch Drive,Carnation,Washington,98014,United States
119,Michael,T,Entin,Production Technician - WC50,4,Production,Manufacturing,,29 Mar 03,M,17 Jul 83,S,334834274,817-555-0186,Work,michael4@adventure-works.com,2482 Buckingham Dr.,Redmond,Washington,98052,United States
120,Kitti,H,Lertpiriyasuwat,Production Technician - WC50,4,Production,Manufacturing,,05 Apr 03,F,07 Jul 81,S,211789056,785-555-0132,Work,kitti0@adventure-works.com,5376 Catanzaro Way,Seattle,Washington,98104,United States
121,Pilar,G,Ackerman,Shipping and Receiving Supervisor,3,Shipping and Receiving,Inventory Management,,03 Feb 03,M,11 Oct 66,S,521265716,577-555-0185,Work,pilar0@adventure-works.com,5407 Cougar Way,Seattle,Washington,98104,United States
122,Susan,W,Eaton,Stocker,4,Shipping and Receiving,Inventory Management,,08 Jan 03,F,20 Mar 72,S,586486572,943-555-0196,Work,susan0@adventure-works.com,2736 Scramble Rd,Renton,Washington,98055,United States
123,Vamsi,N,Kuppa,Shipping and Receiving Clerk,4,Shipping and Receiving,Inventory Management,,08 Jan 03,M,19 Apr 71,M,337752649,937-555-0137,Work,vamsi0@adventure-works.com,9833 Mt. Dias Blv.,Bothell,Washington,98011,United States
124,Kim,T,Ralls,Stocker,4,Shipping and Receiving,Inventory Management,,27 Jan 03,F,01 Jun 78,S,420776180,309-555-0129,Work,kim0@adventure-works.com,1226 Shoe St.,Bothell,Washington,98011,United States
125,Matthias,T,Berndt,Shipping and Receiving Clerk,4,Shipping and Receiving,Inventory Management,,21 Feb 03,M,13 Dec 67,M,584205124,139-555-0120,Cell,matthias0@adventure-works.com,4312 Cambridge Drive,Renton,Washington,98055,United States
126,Jimmy,T,Bischoff,Stocker,4,Shipping and Receiving,Inventory Management,,30 Mar 03,M,05 Jun 79,M,652779496,927-555-0168,Cell,jimmy0@adventure-works.com,2176 Brown Street,Renton,Washington,98055,United States
127,David,P,Hamilton,Production Supervisor - WC40,3,Production,Manufacturing,,04 Feb 03,M,02 Aug 77,S,750905084,986-555-0177,Cell,david4@adventure-works.com,4095 Cooper Dr.,Kenmore,Washington,98028,United States
128,Paul,B,Komosinski,Production Technician - WC40,4,Production,Manufacturing,,05 Jan 03,M,15 Dec 74,S,384162788,147-555-0160,Work,paul0@adventure-works.com,7270 Pepper Way,Bellevue,Washington,98004,United States
129,Gary,W,Yukish,Production Technician - WC40,4,Production,Manufacturing,,23 Jan 03,M,17 Jun 82,S,502058701,901-555-0125,Cell,gary0@adventure-works.com,6057 Hill Street,Edmonds,Washington,98020,United States
130,Rob,T,Caron,Production Technician - WC40,4,Production,Manufacturing,,17 Mar 03,M,05 Sep 67,S,578953538,238-555-0116,Work,rob1@adventure-works.com,5030 Blue Ridge Dr.,Monroe,Washington,98272,United States
131,Baris,F,Cetinok,Production Technician - WC40,4,Production,Manufacturing,,19 Mar 03,M,07 Nov 84,S,273260055,164-555-0114,Work,baris0@adventure-works.com,426 San Rafael,Seattle,Washington,98104,United States
132,Nicole,B,Holliday,Production Technician - WC40,4,Production,Manufacturing,,26 Mar 03,F,10 May 80,M,1300049,508-555-0129,Cell,nicole0@adventure-works.com,3243 Buckingham Dr.,Seattle,Washington,98104,United States
133,Michael,L,Rothkugel,Production Technician - WC40,4,Production,Manufacturing,,11 Feb 03,M,04 Feb 85,S,830150469,454-555-0119,Work,michael1@adventure-works.com,207 Berry Court,Edmonds,Washington,98020,United States
134,Eric,NULL,Gubbels,Production Supervisor - WC20,3,Production,Manufacturing,,15 Feb 03,M,20 Feb 79,M,45615666,260-555-0119,Cell,eric0@adventure-works.com,371 Apple Dr.,Edmonds,Washington,98020,United States
135,Ivo,William,Salmre,Production Technician - WC20,4,Production,Manufacturing,,05 Jan 03,M,04 Feb 76,M,964089218,115-555-0179,Work,ivo0@adventure-works.com,3841 Silver Oaks Place,Monroe,Washington,98272,United States
136,Sylvester,A,Valdez,Production Technician - WC20,4,Production,Manufacturing,,12 Jan 04,M,13 Dec 64,M,701156975,492-555-0174,Cell,sylvester0@adventure-works.com,7902 Grammercy Lane,Bellevue,Washington,98004,United States
137,Anibal,T,Sousa,Production Technician - WC20,4,Production,Manufacturing,,27 Mar 03,F,06 Oct 68,S,63761469,106-555-0120,Work,anibal0@adventure-works.com,6891 Ham Drive,Redmond,Washington,98052,United States
138,Samantha,H,Smith,Production Technician - WC20,4,Production,Manufacturing,,08 Mar 03,F,23 Dec 81,M,25011600,587-555-0114,Cell,samantha0@adventure-works.com,1648 Eastgate Lane,Bellevue,Washington,98004,United States
139,Hung-Fu,T,Ting,Production Technician - WC20,4,Production,Manufacturing,,07 Feb 04,M,23 Nov 65,S,113393530,497-555-0181,Cell,hung-fu0@adventure-works.com,7086 O St.,Sammamish,Washington,98074,United States
140,Prasanna,E,Samarawickrama,Production Technician - WC20,4,Production,Manufacturing,,23 Feb 04,M,01 Jun 47,M,339233463,129-555-0199,Cell,prasanna0@adventure-works.com,9322 Driving Drive,Redmond,Washington,98052,United States
141,Min,G,Su,Production Technician - WC20,4,Production,Manufacturing,,25 Feb 04,M,11 Oct 68,M,872923042,590-555-0152,Work,min0@adventure-works.com,7396 Stratton Circle,Bellevue,Washington,98004,United States
142,Olinda,C,Turner,Production Technician - WC20,4,Production,Manufacturing,,04 Apr 04,F,05 May 64,S,163347032,306-555-0186,Cell,olinda0@adventure-works.com,7221 Peachwillow Street,Bellevue,Washington,98004,United States
143,Krishna,NULL,Sunkammurali,Production Technician - WC20,4,Production,Manufacturing,,16 Mar 04,M,06 Oct 65,S,56772045,491-555-0183,Cell,krishna0@adventure-works.com,6870 D Bel Air Drive,Edmonds,Washington,98020,United States
144,Paul,R,Singh,Production Technician - WC20,4,Production,Manufacturing,,18 Feb 03,M,05 Dec 84,M,886023130,727-555-0112,Cell,paul1@adventure-works.com,1343 Prospect St,Bellevue,Washington,98004,United States
145,Cynthia,S,Randall,Production Supervisor - WC30,3,Production,Manufacturing,,28 Feb 03,F,19 Sep 75,S,386315192,352-555-0138,Cell,cynthia0@adventure-works.com,463 H Stagecoach Rd.,Kenmore,Washington,98028,United States
146,Jian Shuo,NULL,Wang,Production Technician - WC30,4,Production,Manufacturing,,08 Jan 03,M,27 Aug 77,S,160739235,952-555-0178,Cell,jianshuo0@adventure-works.com,8310 Ridge Circle,Monroe,Washington,98272,United States
147,Sandra,NULL,Reátegui Alayo,Production Technician - WC30,4,Production,Manufacturing,,27 Jan 03,F,06 Dec 69,M,604664374,896-555-0168,Work,sandra0@adventure-works.com,1619 Stillman Court,Seattle,Washington,98104,United States
148,Jason,M,Watters,Production Technician - WC30,4,Production,Manufacturing,,15 Feb 03,M,08 Jan 83,S,733022683,571-555-0179,Work,jason0@adventure-works.com,9320 Teakwood Dr.,Bellevue,Washington,98004,United States
149,Andy,M,Ruth,Production Technician - WC30,4,Production,Manufacturing,,04 Mar 03,M,20 Nov 77,M,764853868,118-555-0110,Cell,andy0@adventure-works.com,4777 Rockne Drive,Bellevue,Washington,98004,United States
150,Michael,T,Vanderhyde,Production Technician - WC30,4,Production,Manufacturing,,30 Mar 03,M,19 Oct 76,M,878395493,296-555-0121,Cell,michael5@adventure-works.com,2812 Mazatlan,Edmonds,Washington,98020,United States
151,Rostislav,E,Shabalin,Production Technician - WC30,4,Production,Manufacturing,,23 Mar 03,M,15 Oct 71,M,993310268,751-555-0134,Cell,rostislav0@adventure-works.com,3711 Rollingwood Dr,Bellevue,Washington,98004,United States
152,Yuhong,L,Li,Production Supervisor - WC20,3,Production,Manufacturing,,05 Mar 03,M,08 May 71,M,319472946,965-555-0155,Cell,yuhong0@adventure-works.com,502 Alexander Pl.,Seattle,Washington,98104,United States
153,Hanying,P,Feng,Production Technician - WC20,4,Production,Manufacturing,,17 Jan 03,M,16 Nov 68,S,568596888,319-555-0139,Work,hanying0@adventure-works.com,7297 RisingView,Redmond,Washington,98052,United States
154,Raymond,K,Sam,Production Technician - WC20,4,Production,Manufacturing,,24 Jan 03,M,02 Apr 61,M,97728960,226-555-0197,Work,raymond0@adventure-works.com,9784 Mt Etna Drive,Edmonds,Washington,98020,United States
155,Fadi,K,Fakhouri,Production Technician - WC20,4,Production,Manufacturing,,05 Feb 03,M,19 Mar 83,S,212801092,935-555-0116,Work,fadi0@adventure-works.com,1285 Greenbrier Street,Snohomish,Washington,98296,United States
156,Lane,M,Sacksteder,Production Technician - WC20,4,Production,Manufacturing,,12 Feb 03,M,24 Oct 68,M,322160340,200-555-0117,Cell,lane0@adventure-works.com,3029 Pastime Dr,Seattle,Washington,98104,United States
157,Linda,A,Randall,Production Technician - WC20,4,Production,Manufacturing,,07 Mar 03,F,06 Nov 71,S,812797414,696-555-0157,Work,linda1@adventure-works.com,77 Birchwood,Seattle,Washington,98104,United States
158,Shelley,N,Dyck,Production Technician - WC20,4,Production,Manufacturing,,08 Apr 03,F,08 Jan 81,S,300946911,991-555-0184,Cell,shelley0@adventure-works.com,3747 W. Landing Avenue,Monroe,Washington,98272,United States
159,Terrence,W,Earls,Production Technician - WC20,4,Production,Manufacturing,,20 Mar 03,M,09 Jan 79,S,404159499,110-555-0115,Work,terrence0@adventure-works.com,6968 Wren Ave.,Bellevue,Washington,98004,United States
160,Jeff,V,Hay,Production Supervisor - WC45,3,Production,Manufacturing,,22 Feb 03,M,16 Feb 71,M,712885347,350-555-0167,Cell,jeff0@adventure-works.com,3385 Crestview Drive,Everett,Washington,98201,United States
161,Kirk,J,Koenigsbauer,Production Technician - WC45,4,Production,Manufacturing,,16 Jan 03,M,10 Mar 79,S,275962311,669-555-0150,Work,kirk0@adventure-works.com,1220 Bradford Way,Seattle,Washington,98104,United States
162,Laura,C,Steele,Production Technician - WC45,4,Production,Manufacturing,,04 Feb 03,F,26 Jan 75,S,514829225,777-555-0141,Work,laura0@adventure-works.com,1825 Corte Del Prado,Duvall,Washington,98019,United States
163,Alex,M,Nayberg,Production Technician - WC45,4,Production,Manufacturing,,12 Mar 03,M,14 May 84,M,377784364,819-555-0198,Work,alex0@adventure-works.com,1400 Gate Drive,Newport Hills,Washington,98006,United States
164,Andrew,M,Cencini,Production Technician - WC45,4,Production,Manufacturing,,07 Apr 03,M,26 Oct 82,S,65848458,207-555-0192,Cell,andrew1@adventure-works.com,4444 Pepper Way,Sammamish,Washington,98074,United States
165,Chris,T,Preston,Production Technician - WC45,4,Production,Manufacturing,,23 Feb 03,M,17 Jan 83,M,539490372,200-555-0112,Cell,chris0@adventure-works.com,6657 Sand Pointe Lane,Seattle,Washington,98104,United States
166,Jack,S,Richins,Production Supervisor - WC30,3,Production,Manufacturing,,25 Mar 03,M,23 Jul 77,S,60114406,552-555-0111,Work,jack0@adventure-works.com,1356 Grove Way,Monroe,Washington,98272,United States
167,David,N,Johnson,Production Technician - WC30,4,Production,Manufacturing,,03 Jan 03,M,03 Dec 73,S,498138869,166-555-0162,Cell,david1@adventure-works.com,6697 Ridge Park Drive,Kenmore,Washington,98028,United States
168,Garrett,R,Young,Production Technician - WC30,4,Production,Manufacturing,,08 Jan 03,M,26 Sep 78,S,271438431,609-555-0179,Work,garrett0@adventure-works.com,2115 Passing,Snohomish,Washington,98296,United States
169,Susan,A,Metters,Production Technician - WC30,4,Production,Manufacturing,,15 Jan 03,F,03 May 77,S,351069889,639-555-0164,Cell,susan1@adventure-works.com,9104 Mt. Sequoia Ct.,Sammamish,Washington,98074,United States
170,George,Z,Li,Production Technician - WC30,4,Production,Manufacturing,,22 Jan 03,M,18 May 71,M,476115505,518-555-0199,Cell,george0@adventure-works.com,3074 Arbor Drive,Carnation,Washington,98014,United States
171,David,A,Yalovsky,Production Technician - WC30,4,Production,Manufacturing,,03 Feb 03,M,04 Sep 75,S,746373306,373-555-0142,Work,david3@adventure-works.com,5025 Holiday Hills,Seattle,Washington,98104,United States
172,Marc,J,Ingle,Production Technician - WC30,4,Production,Manufacturing,,17 Feb 03,M,24 Nov 80,M,364818297,234-555-0169,Cell,marc0@adventure-works.com,2473 Orchard Way,Sammamish,Washington,98074,United States
173,Eugene,R,Zabokritski,Production Technician - WC30,4,Production,Manufacturing,,22 Feb 03,M,15 Aug 81,S,87268837,241-555-0191,Cell,eugene0@adventure-works.com,7939 Bayview Court,Sammamish,Washington,98074,United States
174,Benjamin,R,Martin,Production Technician - WC30,4,Production,Manufacturing,,28 Feb 03,M,06 Feb 80,S,585408256,533-555-0111,Cell,benjamin0@adventure-works.com,4231 Spar Court,Snohomish,Washington,98296,United States
175,Reed,T,Koch,Production Technician - WC30,4,Production,Manufacturing,,06 Mar 03,M,09 Feb 83,M,259388196,678-555-0110,Work,reed0@adventure-works.com,1275 West Street,Redmond,Washington,98052,United States
176,David,Oliver,Lawrence,Production Technician - WC30,4,Production,Manufacturing,,18 Mar 03,M,25 Oct 79,M,860123571,118-555-0177,Work,david7@adventure-works.com,158 Walnut Ave,Monroe,Washington,98272,United States
177,Russell,M,King,Production Technician - WC30,4,Production,Manufacturing,,25 Mar 03,M,14 Mar 76,M,551346974,517-555-0122,Work,russell1@adventure-works.com,3919 Pinto Road,Bellevue,Washington,98004,United States
178,John,N,Frum,Production Technician - WC30,4,Production,Manufacturing,,04 Apr 03,M,24 Apr 76,S,568626529,663-555-0172,Cell,john3@adventure-works.com,3665 Oak Creek Ct.,Everett,Washington,98201,United States
179,Jan,S,Miksovsky,Production Technician - WC30,4,Production,Manufacturing,,06 Apr 03,M,16 Dec 68,S,587567941,139-555-0131,Work,jan0@adventure-works.com,8624 Pepper Way,Everett,Washington,98201,United States
180,Katie,L,McAskill-White,Production Supervisor - WC20,3,Production,Manufacturing,,24 Mar 03,F,20 Dec 78,S,862951447,809-555-0133,Work,katie0@adventure-works.com,4948 West 4th St,Seattle,Washington,98104,United States
181,Michael,T,Hines,Production Technician - WC20,4,Production,Manufacturing,,10 Jan 03,M,19 Dec 78,S,545337468,218-555-0126,Work,michael0@adventure-works.com,1792 Belmont Rd.,Monroe,Washington,98272,United States
182,Nitin,S,Mirchandani,Production Technician - WC20,4,Production,Manufacturing,,29 Jan 03,M,01 Jan 81,S,368920189,143-555-0173,Cell,nitin0@adventure-works.com,4096 San Remo,Sammamish,Washington,98074,United States
183,Barbara,S,Decker,Production Technician - WC20,4,Production,Manufacturing,,23 Feb 03,F,02 Aug 73,M,969985265,119-555-0192,Cell,barbara0@adventure-works.com,7145 Matchstick Drive,Sammamish,Washington,98074,United States
184,John,Y,Chen,Production Technician - WC20,4,Production,Manufacturing,,13 Mar 03,M,06 May 80,M,305522471,201-555-0163,Cell,john2@adventure-works.com,3977 Central Avenue,Duvall,Washington,98019,United States
185,Stefen,A,Hesse,Production Technician - WC20,4,Production,Manufacturing,,01 Apr 03,M,21 Jan 70,S,621932914,165-555-0113,Cell,stefen0@adventure-works.com,8463 Vista Avenue,Duvall,Washington,98019,United States
186,Shane,S,Kim,Production Supervisor - WC45,3,Production,Manufacturing,,12 Mar 03,M,24 Jun 84,S,551834634,810-555-0178,Cell,shane0@adventure-works.com,9745 Bonita Ct.,Bellevue,Washington,98004,United States
187,Yvonne,S,McKay,Production Technician - WC45,4,Production,Manufacturing,,10 Jan 03,F,17 May 83,M,713403643,286-555-0189,Work,yvonne0@adventure-works.com,1962 Cotton Ct.,Everett,Washington,98201,United States
188,Douglas,B,Hite,Production Technician - WC45,4,Production,Manufacturing,,28 Jan 03,M,26 Dec 79,M,435234965,808-555-0172,Cell,douglas0@adventure-works.com,390 Ridgewood Ct.,Carnation,Washington,98014,United States
189,Janeth,M,Esteves,Production Technician - WC45,4,Production,Manufacturing,,16 Feb 03,F,25 Aug 66,S,187369436,540-555-0191,Work,janeth0@adventure-works.com,4566 La Jolla,Monroe,Washington,98272,United States
190,Robert,J,Rounthwaite,Production Technician - WC45,4,Production,Manufacturing,,06 Mar 03,M,01 Apr 79,S,456839592,589-555-0147,Cell,robert0@adventure-works.com,6843 San Simeon Dr.,Seattle,Washington,98104,United States
191,Lionel,C,Penuchot,Production Technician - WC45,4,Production,Manufacturing,,30 Mar 03,M,15 Apr 82,S,399658727,450-555-0152,Cell,lionel0@adventure-works.com,7765 Sunsine Drive,Seattle,Washington,98104,United States
192,Brenda,M,Diaz,Production Supervisor - WC40,3,Production,Manufacturing,,06 Apr 03,F,31 Mar 77,M,634335025,142-555-0139,Work,brenda0@adventure-works.com,1349 Steven Way,Seattle,Washington,98104,United States
193,Alejandro,E,McGuel,Production Technician - WC40,4,Production,Manufacturing,,07 Jan 03,M,06 Jan 83,S,761597760,668-555-0130,Work,alejandro0@adventure-works.com,7127 Los Gatos Court,Seattle,Washington,98104,United States
194,Fred,T,Northup,Production Technician - WC40,4,Production,Manufacturing,,13 Jan 03,M,27 Jul 83,S,295971920,818-555-0192,Cell,fred0@adventure-works.com,2601 Cambridge Drive,Snohomish,Washington,98296,United States
195,Kevin,H,Liu,Production Technician - WC40,4,Production,Manufacturing,,18 Jan 03,M,26 Jan 80,S,918737118,714-555-0138,Work,kevin1@adventure-works.com,7594 Alexander Pl.,Seattle,Washington,98104,United States
196,Shammi,G,Mohamed,Production Technician - WC40,4,Production,Manufacturing,,25 Jan 03,M,05 Nov 74,M,370487086,793-555-0179,Cell,shammi0@adventure-works.com,332 Laguna Niguel,Bellevue,Washington,98004,United States
197,Rajesh,M,Patel,Production Technician - WC40,4,Production,Manufacturing,,01 Feb 03,M,05 Nov 71,M,632092621,373-555-0137,Cell,rajesh0@adventure-works.com,5423 Champion Rd.,Edmonds,Washington,98020,United States
198,Lorraine,O,Nay,Production Technician - WC40,4,Production,Manufacturing,,05 Feb 03,F,28 Dec 82,M,19312190,845-555-0184,Work,lorraine0@adventure-works.com,2059 Clay Rd,Edmonds,Washington,98020,United States
199,Paula,R,Nartker,Production Technician - WC40,4,Production,Manufacturing,,13 Feb 03,F,13 Mar 81,M,992874797,476-555-0119,Cell,paula1@adventure-works.com,2144 San Rafael,Seattle,Washington,98104,United States
200,Frank,T,Lee,Production Technician - WC40,4,Production,Manufacturing,,18 Feb 03,M,07 Oct 81,M,749211824,158-555-0191,Cell,frank0@adventure-works.com,8290 Margaret Ct.,Seattle,Washington,98104,United States
201,Brian,T,Lloyd,Production Technician - WC40,4,Production,Manufacturing,,02 Mar 03,M,14 Mar 71,S,746201340,110-555-0182,Cell,brian0@adventure-works.com,7230 Vine Maple Street,Snohomish,Washington,98296,United States
202,Tawana,G,Nusbaum,Production Technician - WC40,4,Production,Manufacturing,,09 Mar 03,M,12 Dec 83,S,436757988,368-555-0113,Work,tawana0@adventure-works.com,9964 North Ridge Drive,Seattle,Washington,98104,United States
203,Ken,L,Myer,Production Technician - WC40,4,Production,Manufacturing,,28 Mar 03,M,29 Jun 75,M,693168613,949-555-0174,Work,ken1@adventure-works.com,1362 Somerset Place,Everett,Washington,98201,United States
204,Gabe,B,Mares,Production Technician - WC40,4,Production,Manufacturing,,09 Apr 03,M,11 Jun 82,M,440379437,310-555-0117,Work,gabe0@adventure-works.com,1061 Buskrik Avenue,Edmonds,Washington,98020,United States
205,Lori,A,Kane,Production Supervisor - WC45,3,Production,Manufacturing,,30 Mar 03,F,19 Aug 74,S,332349500,289-555-0196,Cell,lori0@adventure-works.com,3066 Wallace Dr.,Redmond,Washington,98052,United States
206,Stuart,V,Munson,Production Technician - WC45,4,Production,Manufacturing,,03 Jan 03,M,14 Oct 56,S,835460180,413-555-0136,Cell,stuart0@adventure-works.com,6448 Castle Court,Bellevue,Washington,98004,United States
207,Greg,F,Alderson,Production Technician - WC45,4,Production,Manufacturing,,03 Jan 03,M,18 Nov 64,S,687685941,332-555-0150,Work,greg0@adventure-works.com,8684 Military East,Bellevue,Washington,98004,United States
208,Scott,R,Gode,Production Technician - WC45,4,Production,Manufacturing,,09 Feb 03,M,13 Mar 81,M,199546871,391-555-0138,Cell,scott0@adventure-works.com,7403 N. Broadway,Seattle,Washington,98104,United States
209,Kathie,E,Flood,Production Technician - WC45,4,Production,Manufacturing,,28 Feb 03,F,02 Dec 84,M,167554340,446-555-0118,Work,kathie0@adventure-works.com,9241 St George Dr.,Everett,Washington,98201,United States
210,Belinda,M,Newman,Production Technician - WC45,4,Production,Manufacturing,,24 Mar 03,F,19 Oct 63,S,20244403,319-555-0126,Cell,belinda0@adventure-works.com,1399 Firestone Drive,Bothell,Washington,98011,United States
211,Hazem,E,Abolrous,Quality Assurance Manager,2,Quality Assurance,Quality Assurance,,01 Apr 03,M,27 Nov 71,S,398223854,869-555-0125,Work,hazem0@adventure-works.com,5050 Mt. Wilson Way,Kenmore,Washington,98028,United States
212,Peng,J,Wu,Quality Assurance Supervisor,3,Quality Assurance,Quality Assurance,,10 Jan 03,M,19 Apr 70,M,885055826,164-555-0164,Work,peng0@adventure-works.com,250 Race Court,Bothell,Washington,98011,United States
213,Sootha,T,Charncherngkha,Quality Assurance Technician,4,Quality Assurance,Quality Assurance,,26 Mar 04,M,05 Jan 61,M,343861179,325-555-0137,Work,sootha0@adventure-works.com,4155 Working Drive,Kenmore,Washington,98028,United States
214,Andreas,T,Berglund,Quality Assurance Technician,4,Quality Assurance,Quality Assurance,,06 Mar 03,M,29 Apr 83,M,131471224,181-555-0124,Cell,andreas0@adventure-works.com,1803 Olive Hill,Renton,Washington,98055,United States
215,Mark,L,Harrington,Quality Assurance Technician,4,Quality Assurance,Quality Assurance,,16 Feb 03,M,31 May 80,S,381772114,147-555-0179,Cell,mark0@adventure-works.com,8585 Los Gatos Ct.,Issaquah,Washington,98027,United States
216,Sean,P,Alexander,Quality Assurance Technician,4,Quality Assurance,Quality Assurance,,29 Jan 03,M,07 Apr 70,S,403414852,420-555-0173,Cell,sean0@adventure-works.com,7985 Center Street,Renton,Washington,98055,United States
217,Zainal,T,Arifin,Document Control Manager,3,Document Control,Quality Assurance,,05 Feb 03,M,02 Mar 70,M,345106466,204-555-0115,Cell,zainal0@adventure-works.com,342 San Simeon,Issaquah,Washington,98027,United States
218,Tengiz,N,Kharatishvili,Control Specialist,4,Document Control,Quality Assurance,,17 Jan 03,M,29 May 84,S,540688287,910-555-0116,Work,tengiz0@adventure-works.com,3333 Madhatter Circle,Issaquah,Washington,98027,United States
219,Sean,N,Chai,Document Control Assistant,4,Document Control,Quality Assurance,,23 Feb 03,M,12 Apr 81,S,242381745,205-555-0132,Cell,sean1@adventure-works.com,9314 Icicle Way,Issaquah,Washington,98027,United States
220,Karen,R,Berge,Document Control Assistant,4,Document Control,Quality Assurance,,13 Mar 03,F,25 Jan 70,M,260770918,746-555-0164,Work,karen0@adventure-works.com,3127 El Camino Drive,Index,Washington,98256,United States
221,Chris,K,Norred,Control Specialist,4,Document Control,Quality Assurance,,07 Apr 03,M,26 Jun 81,M,260805477,575-555-0126,Cell,chris1@adventure-works.com,989 Crown Ct,Issaquah,Washington,98027,United States
222,A. Scott,NULL,Wright,Master Scheduler,2,Production Control,Manufacturing,,13 Jan 03,M,19 Oct 62,S,685233686,992-555-0194,Cell,ascott0@adventure-works.com,9297 Kenston Dr.,Newport Hills,Washington,98006,United States
223,Sairaj,L,Uddin,Scheduling Assistant,3,Production Control,Manufacturing,,27 Feb 03,M,22 Jan 82,M,981495526,500-555-0159,Cell,sairaj0@adventure-works.com,8040 Hill Ct,Redmond,Washington,98052,United States
224,William,S,Vong,Scheduling Assistant,3,Production Control,Manufacturing,,08 Feb 03,M,08 Dec 75,M,621209647,148-555-0145,Cell,william0@adventure-works.com,6774 Bonanza,Bellevue,Washington,98004,United States
225,Alan,J,Brewer,Scheduling Assistant,3,Production Control,Manufacturing,,17 Mar 03,M,30 Apr 78,M,470689086,438-555-0172,Work,alan0@adventure-works.com,25 95th Ave NE,Kenmore,Washington,98028,United States
226,Brian,P,LaMee,Scheduling Assistant,3,Production Control,Manufacturing,,04 Apr 03,M,12 Sep 78,M,368691270,313-555-0196,Cell,brian1@adventure-works.com,2294 West 39th St.,Everett,Washington,98201,United States
227,Gary,E.,Altman,Facilities Manager,2,Facilities and Maintenance,Executive General and Administration,,03 Jan 04,M,21 Mar 65,M,141165819,110-555-0112,Cell,gary1@adventure-works.com,2598 Breck Court,Renton,Washington,98055,United States
228,Christian,E,Kleinerman,Maintenance Supervisor,3,Facilities and Maintenance,Executive General and Administration,,15 Jan 03,M,18 Feb 70,M,553069203,846-555-0157,Cell,christian0@adventure-works.com,8036 Summit View Dr.,Gold Bar,Washington,98251,United States
229,Lori,K,Penor,Janitor,4,Facilities and Maintenance,Executive General and Administration,,19 Mar 04,F,31 Aug 64,M,879334904,295-555-0161,Cell,lori1@adventure-works.com,3514 Sunshine,Index,Washington,98256,United States
230,Stuart,J,Macrae,Janitor,4,Facilities and Maintenance,Executive General and Administration,,05 Apr 04,M,17 Jan 66,M,28414965,539-555-0149,Work,stuart1@adventure-works.com,2266 Greenwood Circle,Renton,Washington,98055,United States
231,Jo,L,Berry,Janitor,4,Facilities and Maintenance,Executive General and Administration,,07 Apr 04,F,25 May 48,M,153479919,228-555-0159,Cell,jo1@adventure-works.com,1748 Bird Drive,Index,Washington,98256,United States
232,Pat,H,Coleman,Janitor,4,Facilities and Maintenance,Executive General and Administration,,28 Feb 04,M,03 Jan 65,S,646304055,720-555-0158,Work,pat0@adventure-works.com,2425 Notre Dame Ave,Gold Bar,Washington,98251,United States
233,Magnus,E,Hedlund,Facilities Administrative Assistant,3,Facilities and Maintenance,Executive General and Administration,,22 Jan 04,M,27 Sep 65,M,552560652,583-555-0182,Work,magnus0@adventure-works.com,9533 Working Drive,Renton,Washington,98055,United States
234,Laura,F,Norman,Chief Financial Officer,1,Executive,Executive General and Administration,,04 Mar 03,F,06 Feb 70,M,184188301,615-555-0110,Cell,laura1@adventure-works.com,6937 E. 42nd Street,Renton,Washington,98055,United States
235,Paula,M,Barreto de Mattos,Human Resources Manager,2,Human Resources,Executive General and Administration,,07 Jan 03,F,14 Mar 70,M,535145551,523-555-0175,Cell,paula0@adventure-works.com,4311 Clay Rd,Bellevue,Washington,98004,United States
236,Grant,N,Culbertson,Human Resources Administrative Assistant,3,Human Resources,Executive General and Administration,,29 Mar 03,M,18 May 70,S,476980013,955-555-0131,Work,grant0@adventure-works.com,213 Stonewood Drive,Gold Bar,Washington,98251,United States
237,Hao,O,Chen,Human Resources Administrative Assistant,3,Human Resources,Executive General and Administration,,10 Mar 03,M,19 May 71,S,416679555,806-555-0136,Work,hao0@adventure-works.com,7691 Benedict Ct.,Issaquah,Washington,98027,United States
238,Vidur,X,Luthra,Recruiter,3,Human Resources,Executive General and Administration,,02 Feb 03,M,02 Sep 78,S,264306399,153-555-0186,Work,vidur0@adventure-works.com,3030 Blackburn Ct.,Newport Hills,Washington,98006,United States
239,Mindy,C,Martin,Benefits Specialist,3,Human Resources,Executive General and Administration,,26 Jan 03,F,22 Dec 78,M,619308550,522-555-0147,Work,mindy0@adventure-works.com,9687 Shakespeare Drive,Newport Hills,Washington,98006,United States
240,Willis,T,Johnson,Recruiter,3,Human Resources,Executive General and Administration,,14 Jan 03,M,18 Aug 72,S,332040978,778-555-0141,Work,willis0@adventure-works.com,5452 Corte Gilberto,Everett,Washington,98201,United States
241,David,J,Liu,Accounts Manager,2,Finance,Executive General and Administration,,03 Mar 03,M,08 Aug 77,M,30845,646-555-0185,Work,david6@adventure-works.com,9605 Pheasant Circle,Gold Bar,Washington,98251,United States
242,Deborah,E,Poe,Accounts Receivable Specialist,3,Finance,Executive General and Administration,,19 Jan 03,F,07 Apr 70,M,363923697,602-555-0194,Cell,deborah0@adventure-works.com,7640 First Ave.,Everett,Washington,98201,United States
243,Candy,L,Spoon,Accounts Receivable Specialist,3,Finance,Executive General and Administration,,07 Feb 03,F,26 Mar 70,S,60517918,920-555-0177,Cell,candy0@adventure-works.com,310 Winter Lane,Index,Washington,98256,United States
244,Bryan,A,Walton,Accounts Receivable Specialist,3,Finance,Executive General and Administration,,25 Feb 03,M,22 Oct 78,S,931190412,935-555-0199,Work,bryan1@adventure-works.com,1397 Paradise Ct.,Newport Hills,Washington,98006,United States
245,Barbara,C,Moreland,Accountant,3,Finance,Executive General and Administration,,22 Mar 03,F,04 Feb 70,M,363910111,822-555-0145,Cell,barbara1@adventure-works.com,137 Mazatlan,Seattle,Washington,98104,United States
246,Dragan,K,Tomic,Accounts Payable Specialist,3,Finance,Executive General and Administration,,15 Mar 03,M,18 Mar 71,M,663843431,117-555-0185,Work,dragan0@adventure-works.com,3884 Beauty Street,Gold Bar,Washington,98251,United States
247,Janet,L,Sheperdigian,Accounts Payable Specialist,3,Finance,Executive General and Administration,,02 Apr 03,F,09 Apr 73,M,519756660,393-555-0186,Work,janet0@adventure-works.com,6871 Thornwood Dr.,Sammamish,Washington,98074,United States
248,Mike,K,Seamans,Accountant,3,Finance,Executive General and Administration,,09 Apr 03,M,01 Aug 73,S,480951955,927-555-0150,Work,mike0@adventure-works.com,1245 Clay Road,Index,Washington,98256,United States
249,Wendy,Beth,Kahn,Finance Manager,2,Finance,Executive General and Administration,,26 Jan 03,F,12 Nov 78,S,121491555,248-555-0134,Work,wendy0@adventure-works.com,4525 Benedict Ct.,Sammamish,Washington,98074,United States
250,Sheela,H,Word,Purchasing Manager,3,Purchasing,Inventory Management,,28 Mar 05,F,13 Mar 72,S,895209680,210-555-0193,Work,sheela0@adventure-works.com,535 Greendell Pl,Sammamish,Washington,98074,United States
251,Mikael,Q,Sandberg,Buyer,4,Purchasing,Inventory Management,,14 Mar 03,M,18 Sep 78,S,603686790,309-555-0170,Work,mikael0@adventure-works.com,9539 Glenside Dr,Bothell,Washington,98011,United States
252,Arvind,B,Rao,Buyer,4,Purchasing,Inventory Management,,01 Apr 03,M,21 Sep 68,M,792847334,848-555-0163,Cell,arvind0@adventure-works.com,9495 Limewood Place,Renton,Washington,98055,United States
253,Linda,P,Meisner,Buyer,4,Purchasing,Inventory Management,,18 Jan 04,F,31 Dec 64,M,407505660,916-555-0165,Cell,linda2@adventure-works.com,6118 Grasswood Circle,Bellevue,Washington,98004,United States
254,Fukiko,J,Ogisu,Buyer,4,Purchasing,Inventory Management,,05 Feb 04,M,25 Dec 64,M,482810518,520-555-0177,Work,fukiko0@adventure-works.com,8751 Norse Drive,Bellevue,Washington,98004,United States
255,Gordon,L,Hee,Buyer,4,Purchasing,Inventory Management,,12 Feb 04,M,30 Dec 60,M,466142721,230-555-0144,Cell,gordon0@adventure-works.com,108 Lakeside Court,Bellevue,Washington,98004,United States
256,Frank,S,Pellow,Buyer,4,Purchasing,Inventory Management,,24 Feb 04,M,13 Jun 46,M,367453993,163-555-0147,Cell,frank2@adventure-works.com,5980 Icicle Circle,Renton,Washington,98055,United States
257,Eric,S,Kurjan,Buyer,4,Purchasing,Inventory Management,,28 Feb 04,M,19 Oct 66,S,381073001,265-555-0195,Work,eric2@adventure-works.com,1378 String Dr,Renton,Washington,98055,United States
258,Erin,M,Hagens,Buyer,4,Purchasing,Inventory Management,,03 Mar 04,F,04 Feb 65,S,785853949,842-555-0158,Work,erin0@adventure-works.com,2947 Vine Lane,Bellevue,Washington,98004,United States
259,Ben,T,Miller,Buyer,4,Purchasing,Inventory Management,,09 Apr 04,M,05 Jul 67,M,20269531,151-555-0113,Work,ben0@adventure-works.com,101 Candy Rd.,Redmond,Washington,98052,United States
260,Annette,L,Hill,Purchasing Assistant,4,Purchasing,Inventory Management,,06 Jan 05,F,01 Mar 72,M,437296311,125-555-0196,Cell,annette0@adventure-works.com,6369 Ellis Street,Redmond,Washington,98052,United States
261,Reinout,N,Hillmann,Purchasing Assistant,4,Purchasing,Inventory Management,,25 Jan 05,M,18 Feb 72,M,280633567,370-555-0163,Work,reinout0@adventure-works.com,620 Woodside Ct.,Bellevue,Washington,98004,United States
262,David,M,Barber,Assistant to the Chief Financial Officer,2,Finance,Executive General and Administration,,13 Feb 03,M,23 Jul 58,S,231203233,477-555-0132,Work,david5@adventure-works.com,8967 Hamilton Ave.,Newport Hills,Washington,98006,United States
263,Jean,E,Trenary,Information Services Manager,1,Information Services,Executive General and Administration,,12 Jan 03,F,13 Jan 70,S,441044382,685-555-0120,Work,jean0@adventure-works.com,2383 Pepper Drive,Redmond,Washington,98052,United States
264,Stephanie,A,Conroy,Network Manager,2,Information Services,Executive General and Administration,,08 Mar 03,F,26 Apr 78,S,858323870,594-555-0110,Work,stephanie0@adventure-works.com,7435 Ricardo,Issaquah,Washington,98027,United States
265,Ashvini,R,Sharma,Network Administrator,3,Information Services,Executive General and Administration,,05 Jan 03,M,28 Apr 71,S,749389530,656-555-0119,Work,ashvini0@adventure-works.com,6580 Poor Ridge Court,Issaquah,Washington,98027,United States
266,Peter,I,Connelly,Network Administrator,3,Information Services,Executive General and Administration,,27 Mar 03,M,29 Jun 74,S,672243793,310-555-0133,Work,peter1@adventure-works.com,9530 Vine Lane,Issaquah,Washington,98027,United States
267,Karen,A,Berg,Application Specialist,2,Information Services,Executive General and Administration,,20 Mar 03,F,19 Jun 72,S,58317344,654-555-0177,Work,karen1@adventure-works.com,5256 Chickpea Ct.,Issaquah,Washington,98027,United States
268,Ramesh,V,Meyyappan,Application Specialist,2,Information Services,Executive General and Administration,,07 Mar 03,M,14 Apr 82,S,314747499,182-555-0134,Work,ramesh0@adventure-works.com,3848 East 39th Street,Issaquah,Washington,98027,United States
269,Dan,K,Bacon,Application Specialist,2,Information Services,Executive General and Administration,,12 Feb 03,M,28 Jul 75,M,671089628,166-555-0159,Work,dan0@adventure-works.com,1921 Ranch Road,Issaquah,Washington,98027,United States
270,François,P,Ajenstat,Database Administrator,2,Information Services,Executive General and Administration,,18 Feb 03,M,17 Jun 69,S,643805155,785-555-0110,Cell,françois0@adventure-works.com,1144 Paradise Ct.,Issaquah,Washington,98027,United States
271,Dan,B,Wilson,Database Administrator,2,Information Services,Executive General and Administration,,23 Feb 03,M,06 Feb 70,M,929666391,653-555-0144,Work,dan1@adventure-works.com,5863 Sierra,Bellevue,Washington,98004,United States
272,Janaina,Barreiro Gambaro,Bueno,Application Specialist,2,Information Services,Executive General and Administration,,24 Jan 03,F,03 Mar 79,M,525932996,623-555-0155,Work,janaina0@adventure-works.com,5979 El Pueblo,Issaquah,Washington,98027,United States
273,Brian,S,Welcker,Vice President of Sales,1,Sales,Sales and Marketing,,18 Mar 05,M,08 Jul 71,S,112432117,716-555-0127,Cell,brian3@adventure-works.com,7772 Golden Meadow,Issaquah,Washington,98027,United States
274,Stephen,Y,Jiang,North American Sales Manager,2,Sales,Sales and Marketing,,04 Feb 05,M,17 Nov 45,M,502097814,238-555-0197,Cell,stephen0@adventure-works.com,2427 Notre Dame Ave.,Redmond,Washington,98052,United States
275,Michael,G,Blythe,Sales Representative,3,Sales,Sales and Marketing,,01 Jul 05,M,26 Jan 63,S,841560125,257-555-0154,Cell,michael9@adventure-works.com,8154 Via Mexico,Detroit,Michigan,48226,United States
276,Linda,C,Mitchell,Sales Representative,3,Sales,Sales and Marketing,,01 Jul 05,F,30 Mar 74,M,191644724,883-555-0116,Work,linda3@adventure-works.com,2487 Riverside Drive,Nevada,Utah,84407,United States
277,Jillian,NULL,Carson,Sales Representative,3,Sales,Sales and Marketing,,01 Jul 05,F,29 Sep 56,S,615389812,517-555-0117,Work,jillian0@adventure-works.com,80 Sunview Terrace,Duluth,Minnesota,55802,United States
278,Garrett,R,Vargas,Sales Representative,3,Sales,Sales and Marketing,,01 Jul 05,M,07 Mar 69,M,234474252,922-555-0165,Work,garrett1@adventure-works.com,10203 Acorn Avenue,Calgary,Alberta,T2P 2G8,Canada
279,Tsvi,Michael,Reiter,Sales Representative,3,Sales,Sales and Marketing,,01 Jul 05,M,19 Feb 68,M,716374314,664-555-0112,Work,tsvi0@adventure-works.com,8291 Crossbow Way,Memphis,Tennessee,38103,United States
280,Pamela,O,Ansman-Wolfe,Sales Representative,3,Sales,Sales and Marketing,,01 Jul 05,F,06 Jan 69,S,61161660,340-555-0193,Cell,pamela0@adventure-works.com,636 Vine Hill Way,Portland,Oregon,97205,United States
281,Shu,K,Ito,Sales Representative,3,Sales,Sales and Marketing,,01 Jul 05,M,10 Apr 62,M,139397894,330-555-0120,Cell,shu0@adventure-works.com,5725 Glaze Drive,San Francisco,California,94109,United States
282,José,Edvaldo,Saraiva,Sales Representative,3,Sales,Sales and Marketing,,01 Jul 05,M,11 Jan 58,M,399771412,185-555-0169,Work,josé1@adventure-works.com,9100 Sheppard Avenue North,Ottawa,Ontario,K4B 1T7,Canada
283,David,R,Campbell,Sales Representative,3,Sales,Sales and Marketing,,01 Jul 05,M,14 Mar 68,S,987554265,740-555-0182,Work,david8@adventure-works.com,2284 Azalea Avenue,Bellevue,Washington,98004,United States
284,Tete,A,Mensa-Annan,Sales Representative,3,Sales,Sales and Marketing,,01 Nov 06,M,06 Feb 72,M,90836195,615-555-0153,Work,tete0@adventure-works.com,3997 Via De Luna,Cambridge,Massachusetts,2139,United States
285,Syed,E,Abbas,Pacific Sales Manager,2,Sales,Sales and Marketing,,15 Apr 07,M,11 Feb 69,M,481044938,926-555-0182,Work,syed0@adventure-works.com,7484 Roundtree Drive,Bothell,Washington,98011,United States
286,Lynn,N,Tsoflias,Sales Representative,3,Sales,Sales and Marketing,,01 Jul 07,F,18 Apr 65,S,758596752,1 (11) 500 555-0190,Cell,lynn0@adventure-works.com,34 Waterloo Road,Melbourne,Victoria,3000,Australia
287,Amy,E,Alberts,European Sales Manager,2,Sales,Sales and Marketing,,18 May 06,F,22 Oct 51,M,982310417,775-555-0164,Work,amy0@adventure-works.com,5009 Orange Street,Renton,Washington,98055,United States
288,Rachel,B,Valdez,Sales Representative,3,Sales,Sales and Marketing,,01 Jul 07,F,09 Aug 69,S,954276278,1 (11) 500 555-0140,Cell,rachel0@adventure-works.com,Pascalstr 951,Berlin,Hamburg,14111,Germany
289,Jae,B,Pak,Sales Representative,3,Sales,Sales and Marketing,,01 Jul 06,F,18 Apr 62,M,668991357,1 (11) 500 555-0145,Work,jae0@adventure-works.com,Downshire Way,Cambridge,England,BA5 3HX,United Kingdom
290,Ranjit,R,Varkey Chudukatil,Sales Representative,3,Sales,Sales and Marketing,,01 Jul 06,M,31 Oct 69,S,134219713,1 (11) 500 555-0117,Cell,ranjit0@adventure-works.com,"94, rue Descartes",Bordeaux,Gironde,33000,France
